0	ü	9	]	=	5	-	4	"	!	=	"	5	(	?	%	3	;	/	2	5	?	K	i	I	?
,	&	!	{	:	N	A	(	9	?	ä	Ä	=	"	}	;	5	 	O	U	§	#	2	[	-	e
Ä	(	9	<	5	0	C	c	{	'	"	+	-	1	5	.	&	G	5	T	n	·	"	.	%	2
#	P	s	,	s	d	6	2	3	]	2	"	;	_	#	t	H	{	H	5	L	&	A	1	1	4
&	N	n	N	.	-	<	4	ö	ä	.	.	[	H	7	A	n	&	:	"	2	1	2	.	g	;
&	n	^	X	_	D	-	-	h	 	a	4	T	0	Ü	-	A	O	4	r	}	u	s	-	<	9
*	E	;	3	0	2	l	1	4	%	Z	5	c	}	[	Ö	/	E	b	,	3	'	e	o	e	§
g	4	D	4	%	0	e	[	[	5	s	;	Ö	s	0	u	t	a	;	<	O	R	=	y	§	e
7	Ä	U	'	(	}	.	A	ü	+	E	>	-	r	N	,	(	·	T	?	s	/	8	:	G	=
 	ä	{	q	$	+	 	{	7	h	3	E	7	&	9	E	e	e	a	F	"	E	N	U	l	7
#	E	?	ä	S	g	D	§	{	=	$	E	{	>	_	N	:	X	T	J	3	0	n	(	*	9
e	N	E	ẞ	Ä	e	d	Ü	M	E	0	E	R	7	·	,	4	^	Ö	;	4	2	R	j	i	,
&	5	T	4	"	h	s	F	N	.	Ö	3	:	m	E	8	=	3	(	/	n	9	E	=	0	n
7	.	-	U	}	5	{	?	'	%	A	#	)	,	e	ü	Ä	g	t	/	3	.	=	(	+	%
"	)	}	d	5	Ü	(	)	i	·	t	>	;	-	O	(	0	&	n	9	(	Ü	h	N	;	&
;	4	,	=	Ü	e	#	i	z	e	"	&	·	5	<	9	e	A	Y	n	5	K	ẞ	I	s	h
l	c	l	}	;	,	^	{	}	e	}	&	-	o	<	R	u	V	u	s	;	7	m	]	^	w
G	t	w	ü	"	,	&	D	(	E	 	·	4	"	6	s	6	I	n	=	^	2	&	§	/	E
a	N	L	"	=	%	"	:	E	?	§	R	7	M	;	·	-	'	&	A	O	&	Ä	1	-	=
H	$	<	(	-	E	4	<	G	4	a	,	[	§	?	2	(	5	Q	2	'	9	;	2	9	U
_	-	(	]	(	n	'	9	l	g	=	6	c	[	*	N	,	-	^	d	^	,	i	^	,	)
.	ö	U	'	h	h	%	q	Ä	_	7	ö	&	I	<	b	=	{	%	§	'	7	2	5	^	Ü
§	3	2	ä	e	{	3	_	&	7	-	L	o	S	)	=	9	D	?	;	h	S	&	N	n	)
=	^	Y	M	0	{	7	?	2	0	r	6	(	n	l	5	_	e	'	6	,	W	·	d	#	.
s	=	:	F	c	'	^	·	<	_	k	9	%	{	&	=	+	E	3	E	e	·	e	4	9	>
a	_	5	m	e	a	D	"	Z	6	)	]	ß	'	k	.	Ü	T	m	c	0	^	S	L	0	I
7	Ü	a	H	5	ä	S	7	]	r	;	[	.	d	3	$	)	E	E	0	c	n	5	3	{	?
$	?	!	}	?	e	r	5	d	J	[	=	}	{	H	5	.	d	7	)	T	E	·	/	d	%
+	4	&	^	<	u	=	D	·	:	ä	{	c	e	N	s	m	Ä	#	2	t	?	D	0	r	&
4	S	V	3	e	r	·	6	4	#	s	0	:	}	i	n	k	3	i	A	0	:	3	G	H	·
l	3	0	B	R	,	e	I	k	}	t	&	n	ü	6	?	-	(	i	{	)	-	6	#	:	U
S	;	{	§	A	<	ä	_	e	F	I	b	^	[	·	8	C	^	+	5	D	^	r	·	3	(
M	6	+	5	]	6	I	S	=	5	,	-	[	e	^	a	p	Ä	r	(	R	,	>	9	{	,
^	N	A	I	a	A	z	=	^	E	-	+	=	ä	E	m	 	"	4	D	9	 	*	.	,	h
C	}	x	:	ü	&	K	§	C	a	?	"	=	H	M	3	i	5	t	<	&	'	&	^	(	_
.	i	6	<	&	-	3	a	L	#	T	{	d	9	-	Ü	t	%	5	!	T	i	!	u	5	r
f	B	'	ü	{	"	2	e	I	0	7	E	,	Ä	&	i	;	e	E	Q	·	I	(	U	&	E
C	P	S	,	ä	(	8	Z	3	E	{	·	=	H	=	L	4	a	 	=	=	ö	8	(	6	(
g	R	T	.	+	2	W	"	M	-	Ä	<	<	(	A	(	9	/	ä	3	"	C	R	Z	(	ä
R	S	3	g	t	/	·	;	i	x	ü	e	(	_	z	;	4	)	A	^	(	>	u	N	,	Ö
a	j	W	0	[	<	0	^	>	{	T	_	2	·	-	=	z	(	Ö	I	D	[	(	f	(	f
(	w	w	E	T	2	{	=	]	ü	u	*	o	'	3	u	t	i	h	%	-	{	9	,	=	!
{	E	0	4	S	3	0	;	u	ä	H	e	p	=	3	,	§	'	>	"	5	-	)	2	n	ü
s	_	7	i	5	&	0	5	T	}	9	g	_	.	ä	·	(	,	}	'	5	-	U	e	/	-
5	§	r	6	}	2	_	*	e	·	{	R	t	>	L	&	3	S	N	n	%	:	7	C	0	6
"	E	%	#	N	5	S	G	_	-	#	G	e	&	·	(	·	+	4	(	·	I	{	(	7	[
5	&	[	n	I	D	B	{	E	E	·	E	"	/	4	)	B	v	;	2	,	I	e	?	d	ß
ö	K	b	d	i	ö	{	5	Ä	G	;	&	e	s	{	,	W	E	(	Ä	<	.	r	<	 	+
Ä	"	Ü	t	<	t	/	+	5	,	;	-	R	e	=	O	6	4	;	.	8	{	5	0	0	s
"	.	=	o	&	2	I	}	%	,	r	,	(	E	5	[	+	r	9	C	7	6	e	?	'	$
7	n	2	,	f	?	S	R	l	N	4	3	 	U	<	[	7	v	S	^	^	,	7	=	3	 
{	T	R	<	S	N	y	>	:	N	,	2	4	&	.	#	[	.	o	2	_	§	)	{	L	 
